,area_km2,length_km,mean_width,Q_decile,order
0,146.38518132810654,203088.9802787976,0.7207933248133458,0,1
1,187.7077273179435,112317.86987721748,1.6712187252406046,0,2
2,138.1075390746772,62688.48333027598,2.2030767333619137,0,3
3,116.86662952756016,23843.94403557444,4.901312859701344,0,4
4,18.09786412816647,2504.915565911452,7.224939784180424,0,5
5,1.9786710947809407,167.70334511024706,11.798638205339168,0,6
6,0.0,0.0,22.493432348650124,0,7
7,0.0,0.0,33.4066714115407,0,8
8,0.0,0.0,65.83469105479448,0,9
9,0.0,0.0,105.38407858071501,0,10
10,0.0,0.0,232.1245970485381,0,11
11,0.0,0.0,307.48216358881086,0,12
12,0.0,0.0,602.8795728536442,0,13
13,0.0,0.0,889.0087663560437,0,14
14,0.0,0.0,1405.664804816726,0,15
15,175.18234235402693,242463.2825265585,0.7225108087647791,1,1
16,226.00457532963733,131818.6075008793,1.7145119313153856,1,2
17,170.23990745682386,77412.7839182573,2.1991187868477353,1,3
18,161.79300423743763,33385.30230824289,4.846234511930438,1,4
19,31.001679982817134,4229.158963226128,7.33045985085605,1,5
20,2.2957226765909873,192.01447568334413,11.955987528653417,1,6
21,0.08535435687956287,3.729959953866432,22.88345127970759,1,7
22,0.0,0.0,33.324514801998596,1,8
23,0.0,0.0,65.51062922584089,1,9
24,0.0,0.0,107.01143480647076,1,10
25,0.0,0.0,232.02799156825563,1,11
26,0.0,0.0,308.4557031744761,1,12
27,0.0,0.0,591.683475969248,1,13
28,0.0,0.0,900.2718183373161,1,14
29,0.0,0.0,1424.6604517808623,1,15
30,198.50738856086062,274017.69355336885,0.7244327400420166,2,1
31,257.9863527558134,146669.21974244397,1.758967240766986,2,2
32,190.59870453371514,86814.85413944464,2.195461899038265,2,3
33,200.55087991434408,41851.32157595912,4.7919843952920145,2,4
34,45.594106026242905,6130.267646120257,7.4375392165949945,2,5
35,3.1893966283970494,263.2458468411623,12.1156579169945,2,6
36,0.08683581110968203,3.729959953866432,23.280628259740176,2,7
37,0.0,0.0,33.243992909088156,2,8
38,0.0,0.0,65.19491902175965,2,9
39,0.0,0.0,108.67533708664418,2,10
40,0.0,0.0,231.93775587987304,2,11
41,0.0,0.0,309.5052343424584,2,12
42,0.0,0.0,580.9103113526447,2,13
43,0.0,0.0,911.92961695481,2,14
44,0.0,0.0,1444.3244939714953,2,15
45,223.0392097183657,306979.446234229,0.7265607272878591,3,1
46,293.9367134505752,162880.39825028746,1.8046168637118765,3,2
47,208.3969620105502,95067.07065407708,2.19210459075624,3,3
48,241.26521701013837,50915.42604054984,4.738548525902365,3,4
49,65.50168722425937,8680.087584291849,7.546201186125845,3,5
50,4.388343642287777,357.4243179093367,12.277686274835144,3,6
51,0.6730191034396227,28.41529362913133,23.685101136862585,3,7
52,0.0,0.0,33.165094850657276,3,8
53,0.0,0.0,64.8874549078676,3,9
54,0.0,0.0,110.3767060052608,3,10
55,0.0,0.0,231.85388258193305,3,11
56,0.0,0.0,310.6315110843155,3,12
57,0.0,0.0,570.5444732516986,3,13
58,0.0,0.0,923.9937616857585,3,14
59,0.0,0.0,1464.6774477790984,3,15
60,252.08035554547484,345838.31388642325,0.7288965549035742,4,1
61,335.7869315921874,181359.99596347232,1.8514939295643684,4,2
62,226.40901958292852,103428.19234250822,2.1890455054378446,4,3
63,281.4418673369347,60061.26370529471,4.685913182211719,4,4
64,99.94775798651965,13054.026934853491,7.656469416319722,4,5
65,6.136895411363188,493.2359018606352,12.442110130696001,4,6
66,0.6847236297356584,28.41529362913133,24.097010527939098,4,7
67,0.0,0.0,33.087809980313246,4,8
68,0.0,0.0,64.58813441056907,4,9
69,0.0,0.0,112.11648841051186,4,10
70,0.0,0.0,231.77636479656414,4,11
71,0.0,0.0,311.83534439181864,4,12
72,0.0,0.0,560.5710856231541,4,13
73,0.0,0.0,936.4763430837831,4,14
74,0.0,0.0,1485.7407091505681,4,15
75,285.6826305499702,390574.4516744689,0.7314421855428409,5,1
76,387.74823133864584,204117.4956117076,1.8996325139921308,5,2
77,248.67721410118122,113744.2717473422,2.1862834082191216,5,3
78,319.6384250493435,68975.81971076423,4.634064899695006,5,4
79,153.26992561850503,19730.003414612565,7.768367921568084,5,5
80,9.147594785247232,725.4832465609269,12.608967648268095,5,6
81,1.2358468285897277,50.40877918235023,24.51649987632389,5,7
82,0.0,0.0,33.012127885030274,5,8
83,0.0,0.0,64.29685806053388,5,9
84,0.0,0.0,113.89565822696709,5,10
85,0.0,0.0,231.7051961685378,5,11
86,0.0,0.0,313.1176032301765,5,12
87,0.0,0.0,550.9759672730783,5,13
88,0.0,0.0,949.3899627360062,5,14
89,0.0,0.0,1507.5365905601782,5,15
90,328.3088665841787,447165.5851605476,0.7341997628603388,6,1
91,454.9230256013243,233405.45501722995,1.9490676666821773,6,2
92,277.69117971337795,127158.62005637986,2.183817185105144,6,3
93,352.65559939123165,76948.79621370483,4.582990465657506,6,4
94,228.72540373855549,29018.991872538347,7.881921079243488,6,5
95,19.066557863919897,1492.1046922246917,12.778297637742915,6,6
96,1.8065836884679,72.42640687119285,24.943715510847152,6,7
97,0.0,0.0,32.93803838281255,6,8
98,0.0,0.0,64.01352933769478,6,9
99,0.0,0.0,115.71521729488151,6,10
100,0.0,0.0,231.6403708644024,6,11
101,0.0,0.0,314.47921558335213,6,12
102,0.0,0.0,541.7455988882792,6,13
103,0.0,0.0,962.7477541982385,6,14
104,0.0,0.0,1530.0883598229689,6,15
105,385.2165338666708,522560.1831092034,0.7371716145203683,7,1
106,545.0170249817521,272530.9363441848,1.999835439942272,7,2
107,318.51929168130096,145999.5410423773,2.181645842221166,7,3
108,391.45945133995707,86363.85490385772,4.532676914152789,7,4
109,325.6495741522605,40720.685009360735,7.997153635244625,7,5
110,58.81428148595367,4541.594411400643,12.950139567354087,7,6
111,4.33668064455597,170.87803594476767,25.37880670607485,7,7
112,0.0,0.0,32.86553152041247,7,8
113,0.0,0.0,63.73805461801985,7,9
114,0.0,0.0,117.57619623755882,7,10
115,0.0,0.0,231.58188357168507,7,11
116,0.0,0.0,315.9211695732277,7,12
117,0.0,0.0,532.8670918530252,7,13
118,0.0,0.0,976.563404956411,7,14
119,0.0,0.0,1553.420280843985,7,15
120,481.123534720729,649850.5709418176,0.740360255471415,8,1
121,691.6385202115704,337060.2575157703,2.051972918163483,8,2
122,388.8748084979276,178401.88422763217,2.1797685051450584,8,3
123,456.4152717800658,101807.69977303653,4.483111521010379,8,4
124,447.60752258302944,55164.22463110588,8.114090709626932,8,5
125,164.78703368334934,12555.648758105002,13.124533575134853,8,6
126,20.885962405560058,808.8460408696699,25.82192574387025,8,7
127,1.039939485874309,31.710695141770604,32.794597571103346,8,8
128,0.0,0.0,63.47034312202033,8,9
129,0.0,0.0,119.47965535776473,8,10
130,0.0,0.0,231.52972949816717,8,11
131,0.0,0.0,317.44451465451397,8,12
132,0.0,0.0,524.3281587517993,8,13
133,0.0,0.0,990.8511794651031,8,14
134,0.0,0.0,1577.557656401961,8,15
135,859.9795514482375,1156246.435428423,0.7437683914931076,9,1
136,1129.2097767978896,536309.6604739019,2.1055182481704326,9,2
137,599.7118113696164,275326.46286766697,2.1781844183203782,9,3
138,661.1824921179159,149107.00810025365,4.434281798970596,9,4
139,686.6638542209823,83406.29843713694,8.232757802320153,9,5
140,489.96771847508467,36835.46698129809,13.301520480895451,9,6
141,204.18678686122317,7771.667305042102,26.27322797628649,9,7
142,40.74362778009956,1245.022005183617,32.72522703250586,9,8
143,22.702012089828138,359.15048060643346,63.21030686495335,9,9
144,0.0,0.0,121.42668556422656,9,10
145,0.0,0.0,231.48390437122828,9,11
146,0.0,0.0,319.05036288741974,9,12
147,0.0,0.0,516.1170854648523,9,13
148,0.0,0.0,1005.6259433168082,9,14
149,0.0,0.0,1602.526873071696,9,15
