,order,huc2,Q_decile,mu,sigma,mean,median
0,1.0,08,0,5.8626358038367545,1.1438606889314413,554.0146234020597,577.7083333333334
1,1.0,08,1,5.8429067788797315,1.2120976514957353,582.0538411423079,461.532520121982
2,1.0,08,2,5.826730948945014,1.1983468532299373,569.330952812591,436.88020833333337
3,1.0,08,3,5.76816605212581,1.234296894274375,564.2692254684627,444.6
4,1.0,08,4,5.594800657678046,1.2292735593213344,497.25650867497734,269.6010430247713
5,1.0,08,5,5.265385216417392,1.2427209304559719,382.68995186708,199.8367346938776
6,1.0,08,6,5.425282824115066,1.2069826272546977,413.42030519389107,237.94620295572844
7,1.0,08,7,5.464770383708564,1.1046732274680335,398.5973551345655,259.69565217391306
8,1.0,08,8,5.270985536604449,1.1582116040123958,347.822398425758,216.0
9,1.0,08,9,5.325802358867854,1.1688251040094104,344.69443436727084,251.46128714091978
10,2.0,08,0,4.878545208396039,1.3355695103622292,339.36283202617244,90.0
11,2.0,08,1,5.065289647077805,1.393267614753721,395.74454592426935,119.70306867998045
12,2.0,08,2,4.9638922347719285,1.2494188656628638,335.1628291385542,112.96875
13,2.0,08,3,4.988282789777775,1.2726773116685002,361.3780088146686,100.8529411764706
14,2.0,08,4,4.952533253286861,1.1990087427837888,330.46467191906453,125.54812273710148
15,2.0,08,5,4.7410209771266745,1.0461521319564062,246.4232235963058,123.50735294117646
16,2.0,08,6,4.95200055934954,0.9981308483817861,267.52288693041294,137.01850548124304
17,2.0,08,7,4.964528686294497,1.104604894744859,324.58188737405686,126.07310182460267
18,2.0,08,8,5.1024484131262255,1.0647307678150015,344.25992799207614,147.55620953502057
19,2.0,08,9,4.857021380289826,0.8331627095704962,211.75461257551044,149.90625
20,3.0,08,0,4.9444425640391145,1.7251262249506916,496.2284913740298,59.0625
21,3.0,08,1,4.947195989937494,1.7109827175676406,534.3317932803524,59.0625
22,3.0,08,2,4.60052946662447,1.4838990324860997,373.4549415485909,59.0625
23,3.0,08,3,4.92522359098747,1.7286579410339693,559.5159459129496,59.0625
24,3.0,08,4,4.523685249808193,1.4803401279828032,370.72967446048307,54.82247191011239
25,3.0,08,5,4.4880461354736925,1.3254019349266788,318.1991347403706,61.030126404494396
26,3.0,08,6,4.535273335976528,1.4593603239884407,366.11916630925026,58.85637155591573
27,3.0,08,7,4.039191457105485,0.6272710895425813,92.04327311709461,59.0625
28,3.0,08,8,3.935498679894026,0.4006425446557869,54.72773652873105,56.73635751097193
29,3.0,08,9,3.9587868271406235,0.6807738045963058,94.47775283715018,55.22152605029777
30,4.0,08,0,4.860250835232203,1.0607273341454184,265.4751295570821,100.63685393258432
31,4.0,08,1,4.914025931191549,1.1362553615086635,302.9257795226684,94.44905636462066
32,4.0,08,2,4.8515474216107535,1.1020422449721328,241.42328309613276,136.125
33,4.0,08,3,4.951853826005643,1.2427506663753138,331.88174889517694,100.63685393258433
34,4.0,08,4,4.829213968351404,1.1848879514417492,292.1429773326752,87.27272727272728
35,4.0,08,5,4.805892286887012,1.1851074594154085,277.54139004192666,84.95924270312915
36,4.0,08,6,4.743521829463669,0.9713696699061076,215.043892510936,81.97738627399424
37,4.0,08,7,4.659448868498907,1.0098188055959199,221.2877068836918,70.9492505916382
38,4.0,08,8,4.963040590083444,0.9788086203031706,257.0926916192423,127.50966292134837
39,4.0,08,9,4.598590350713979,0.8605406632687986,167.95434218011044,80.2471042471043
40,5.0,08,0,4.127066276561653,1.0791152560575512,142.60111755212833,56.25
41,5.0,08,1,3.893657821679412,0.973810589001727,95.17998568445691,45.0
42,5.0,08,2,4.009823421166783,0.9907102963429091,116.66993860466808,55.833333333333336
43,5.0,08,3,3.9470808525779724,1.0115337352418659,106.49049583535609,48.4703632887189
44,5.0,08,4,3.9972647640513923,0.9947923595144087,116.66715989390677,48.80552384968265
45,5.0,08,5,4.012575306010431,0.9821196522677024,113.08968030116242,53.48440610484409
46,5.0,08,6,4.0108426965498944,0.891793267092293,101.33739104583238,55.833333333333336
47,5.0,08,7,4.110515752334445,1.005157435898905,122.63749285638929,56.25
48,5.0,08,8,4.205021813747569,0.9600154356797922,122.82578278210411,63.4124559341951
49,5.0,08,9,4.2013193787555805,0.875874123829399,109.54716378737108,67.0
50,6.0,08,0,3.838562613902816,0.8343163642547394,73.60233447389042,42.0
51,6.0,08,1,3.821272993577452,0.8406530557063836,65.59572259568681,42.0
52,6.0,08,2,3.9251725924340106,0.8351356839829304,78.83000274724192,46.285714285714285
53,6.0,08,3,3.9897261860224607,0.8102174857242602,77.12284817566326,48.0
54,6.0,08,4,3.983425224773387,0.7880323419727409,81.83875846615432,48.0
55,6.0,08,5,4.003498017565865,0.8154484347550027,81.60457649490442,49.14068441064639
56,6.0,08,6,4.051750288385768,0.8571447286392035,90.0545410733979,52.5
57,6.0,08,7,4.148289106078964,0.9046769673327298,100.11325263478037,60.0
58,6.0,08,8,4.115942726325022,0.8799838173898059,90.6648120865146,57.85714285714286
59,6.0,08,9,4.146725815071776,0.8220520113585684,92.05033459316373,62.91690448212192
60,7.0,08,0,4.997470986061414,0.5874775369264366,171.5129438521989,149.76
61,7.0,08,1,4.996803168754519,0.6231283191878367,173.40880413744105,149.90625
62,7.0,08,2,5.007940751558617,0.6545225047200119,177.05481312765465,151.5045871559633
63,7.0,08,3,5.035908546413282,0.6192584770082018,179.18273464675406,157.16892289582103
64,7.0,08,4,5.094443571811534,0.5545461040373031,184.6310677006503,170.33333333333334
65,7.0,08,5,5.029949393575762,0.6100196041392377,176.8954957195384,157.4128440366973
66,7.0,08,6,5.070037269370605,0.6370074191862596,185.54744510440275,168.75
67,7.0,08,7,5.064611294224787,0.6320048363078685,185.250744519428,161.4375
68,7.0,08,8,5.092434729906646,0.5774060688028576,185.84980513514148,166.95925421598406
69,7.0,08,9,5.103392362370972,0.6016549897498085,189.5750290545589,170.46560730040846
70,8.0,08,0,5.452905357195972,0.46626527422991926,267.8933279420318,208.37697199966985
71,8.0,08,1,5.462320586072784,0.4549158272354494,266.51071707160014,214.77272727272728
72,8.0,08,2,5.472050878761516,0.4384174285239723,267.00988466272895,218.9712845055975
73,8.0,08,3,5.5220747942546415,0.4675144633724944,285.31749557116706,220.93143949740488
74,8.0,08,4,5.550258847614796,0.4334105874525671,287.78066641362017,228.2815960328465
75,8.0,08,5,5.555512849924416,0.41671824894337023,286.4231275459208,233.10862388275996
76,8.0,08,6,5.663020062947753,0.49441188563739363,329.7906227749238,245.7007167675157
77,8.0,08,7,5.602029178818252,0.4580474557132421,304.6167860403239,238.95257267090716
78,8.0,08,8,5.654752961320332,0.4480029216554997,319.8249343048899,249.42942099611824
79,8.0,08,9,5.8081254926644235,0.5058986576389428,381.5320489421837,289.12638812644354
80,9.0,08,0,6.374131114288425,0.020964722489213924,586.6038492698314,591.8684210526316
81,9.0,08,1,6.3785091174497355,0.02689854407861514,589.2612755343341,591.8684210526316
82,9.0,08,2,6.39208016417676,0.020930054310933935,597.22760410774,595.690950852499
83,9.0,08,3,6.402491245513969,0.02466627202940478,603.5292646381489,602.0648529728576
84,9.0,08,4,6.4021799821179,0.029889840121197393,603.4314000130594,600.1823375246624
85,9.0,08,5,6.401879919205863,0.018342457576183444,603.0785656142789,603.1765953061048
86,9.0,08,6,6.421695269961699,0.026657798975950314,615.2633114203906,614.2505963073123
87,9.0,08,7,6.421810670610085,0.024521550015858123,615.3004866668823,617.2448540887546
88,9.0,08,8,6.437717015968698,0.022259017276454077,625.1334911603932,628.1052631578947
89,9.0,08,9,6.453359459773164,0.02397807948560499,635.0138996799311,635.7486616988601
90,10.0,08,0,6.81948501312121,0.36558265889351865,970.3130539458268,893.4633925540339
91,10.0,08,1,6.916600528858501,0.39038322069548176,1077.7542330585552,987.1948051948052
92,10.0,08,2,6.958404695364548,0.45576474227502867,1141.9065401089551,1039.6097456905372
93,10.0,08,3,6.996033105900204,0.43449878090233235,1180.07721815577,1083.941562705187
94,10.0,08,4,7.070323726709397,0.45892375756080195,1282.092497938064,1183.0188679245284
95,10.0,08,5,7.059243896401611,0.4126232607070204,1256.5065723905084,1137.4789915966387
96,10.0,08,6,7.10049618143246,0.44269910000282536,1315.7046638326374,1208.800010640562
97,10.0,08,7,7.058339153699284,0.42564256565655945,1259.2973235237148,1134.3962264150944
98,10.0,08,8,6.977427953213793,0.43581530444025035,1170.1452891430206,1020.6811751416183
99,10.0,08,9,7.011938119936708,0.46584062880249894,1222.2652300921625,1049.4311210262128
100,1.0,10,0,4.564344698996228,1.0423417027779363,161.3510645694987,83.10800855513308
101,1.0,10,1,4.628461037981484,1.0684319474885389,176.76371781138826,87.9375
102,1.0,10,2,4.564247482006921,1.0722067386443102,173.24176079948683,77.70668832876302
103,1.0,10,3,4.45717684136616,1.091612848652244,162.62921573467537,75.27272727272727
104,1.0,10,4,4.444885523091423,1.1138645464594241,164.58031034972782,71.36576387062847
105,1.0,10,5,4.416956505567407,1.0966278828406006,159.25186289052385,71.36576387062847
106,1.0,10,6,4.5039355859889545,1.126183344895553,173.6837797912996,76.5
107,1.0,10,7,4.499410330174193,1.0716771654306312,167.56440204172108,76.5
108,1.0,10,8,4.628333124974676,1.0673515652881949,188.01719059430974,82.6875
109,1.0,10,9,4.662940982299772,1.09170130267866,196.78098641187407,84.375
110,2.0,10,0,4.340133753534519,0.8745238977833705,109.67853745579804,77.21052631578947
111,2.0,10,1,4.370574447128787,0.9430264225692334,118.58802874726743,87.92307692307693
112,2.0,10,2,4.358033382794333,1.0114439808966385,127.3887267195248,72.0
113,2.0,10,3,4.37815904555564,0.9961084322474132,129.26358201785555,73.11301299236956
114,2.0,10,4,4.427679859804871,0.9990786712286082,137.38375102285457,75.4074554294976
115,2.0,10,5,4.383845920333661,1.0132817614728256,134.01058749410035,75.27251284999326
116,2.0,10,6,4.479627517005033,0.972636289468323,142.78098223333058,82.25781739823046
117,2.0,10,7,4.455319863736519,0.9687277798015751,137.5026603490633,88.5998672859987
118,2.0,10,8,4.503717709003622,1.072095505785297,153.6979075042364,104.509531803339
119,2.0,10,9,4.534052744888557,0.9739207377536016,149.90130400282249,104.4
120,3.0,10,0,4.372121544472871,0.7425253875249658,105.52758541212388,72.6028202115159
121,3.0,10,1,4.378252500561084,0.7465373141238064,104.61013626890274,75.4074554294976
122,3.0,10,2,4.3900742741557846,0.7718294800622347,108.97866340099536,75.40745542949759
123,3.0,10,3,4.333744570759056,0.7365994522445264,101.03414287122835,72.85714285714286
124,3.0,10,4,4.3974281851284385,0.8168349731500187,113.95621705008868,75.375
125,3.0,10,5,4.4111481834443325,0.8261736624129631,118.15232688652198,75.89692348146204
126,3.0,10,6,4.427822348684215,0.7871479748128763,114.51845624718462,81.0
127,3.0,10,7,4.395699335547915,0.7831584804573843,110.4089576560194,80.0
128,3.0,10,8,4.4598304240529325,0.8336329407596504,121.84419407266934,85.0420668199649
129,3.0,10,9,4.515136869735129,0.8190676779816961,126.72188937470114,90.0
130,4.0,10,0,4.52040301532742,0.9502520368180482,154.54556686264783,96.89183808891843
131,4.0,10,1,4.646113596609338,0.9805418777672521,179.295615522871,118.125
132,4.0,10,2,4.523035351894558,1.0493675756292913,174.61075207626502,92.1977186311787
133,4.0,10,3,4.50718524642325,0.9636266069922337,151.21486357928646,88.84410646387833
134,4.0,10,4,4.426408624887489,1.1076782164706,173.75849609660258,73.37226277372267
135,4.0,10,5,4.339487687700311,1.0863006043679846,158.66860524237111,70.15328467153287
136,4.0,10,6,4.292650538129439,1.054944857877152,142.3043167830744,67.5
137,4.0,10,7,4.239714157302761,1.060920519023478,129.83900511429997,64.16666666666667
138,4.0,10,8,4.415727648605342,1.114989623013479,175.95132686958982,73.01924353019247
139,4.0,10,9,4.49117790561076,1.1035390962825806,174.41928757811033,82.6875
140,5.0,10,0,3.939464597134844,1.0323481436546251,85.24074930422651,47.12965964343599
141,5.0,10,1,3.9771015594845354,1.0185359085236814,87.58172401517982,48.81566820276498
142,5.0,10,2,3.8525808021286743,0.9791214238069746,76.5916632436717,40.5
143,5.0,10,3,3.7609355195346326,0.953008511278674,69.94636089087133,37.8
144,5.0,10,4,3.748389238500471,0.9310435740453149,67.07885914061137,38.22053231939164
145,5.0,10,5,3.8319073175496,0.9486342913812913,72.51798386644853,41.57414448669201
146,5.0,10,6,3.8249859976600424,0.9585985327605475,72.86863508541063,40.5
147,5.0,10,7,3.8136180059190194,0.9327089598546755,70.06353524684789,40.5
148,5.0,10,8,3.9100269789939213,0.9402723574201712,77.83781688303493,43.2
149,5.0,10,9,3.972379834969564,0.8920566543068409,79.44443549526213,50.400000000000006
150,6.0,10,0,3.824150948680044,0.8921403382394429,70.69799872911133,43.07142857142857
151,6.0,10,1,3.805195697523093,0.8728646615826369,67.90883195123564,42.3
152,6.0,10,2,3.725098370967503,0.8436813643085058,61.05225733615695,40.5
153,6.0,10,3,3.7221892677669235,0.8030951131825742,57.97634054420825,40.5
154,6.0,10,4,3.769450164822085,0.7984404358919746,61.229594554045946,43.066942869603146
155,6.0,10,5,3.7618753730301453,0.8032253138732914,60.86446974955726,43.07142857142857
156,6.0,10,6,3.830241717921975,0.8275960278328542,67.08346383959233,46.06428138265615
157,6.0,10,7,3.8716344997219503,0.8615334137241836,71.1029697718209,50.25
158,6.0,10,8,3.910299540077011,0.8596676279095087,74.9699604287301,50.400000000000006
159,6.0,10,9,4.010873767287735,0.8935133446079561,83.69232191237292,56.25
160,7.0,10,0,4.1105349890932885,0.7966002310383109,84.47267452934058,56.735235567352376
161,7.0,10,1,4.179696860570038,0.8469077757964122,93.82812957841952,58.7810794420861
162,7.0,10,2,4.160854149891516,0.8721074827526517,94.39740227397277,58.75016907885841
163,7.0,10,3,4.228143307589386,0.8501997882369213,100.4247509099954,62.8125
164,7.0,10,4,4.2736811783623185,0.8562128916202817,103.76338844760657,66.38151080714393
165,7.0,10,5,4.288933283968528,0.8749468843244498,107.13043543023137,67.5
166,7.0,10,6,4.404108251241503,0.8896598047604571,119.58036984968433,74.76923076923077
167,7.0,10,7,4.494410653626787,0.9165485208923385,132.6958916065955,82.46143391097523
168,7.0,10,8,4.495884671552695,0.8955127588281581,131.63315284052445,79.20132855371793
169,7.0,10,9,4.548011775180741,0.9067186638873187,139.021709958956,85.06625891946996
170,8.0,10,0,5.299078679352916,0.7104771926117035,246.93943221355343,210.4080852226166
171,8.0,10,1,5.2328086053574605,0.7290266063765123,232.66468755580573,202.66666666666663
172,8.0,10,2,5.288481901213585,0.7147282220506997,242.82816926038694,219.0681818181818
173,8.0,10,3,5.354062158149427,0.6741202902034016,250.74338906057048,237.55157894736828
174,8.0,10,4,5.408390913172918,0.6706712489686908,263.3431294036196,250.06758698232196
175,8.0,10,5,5.4186809177178885,0.6788378044500891,267.3292147776318,254.61977573904176
176,8.0,10,6,5.487715552594153,0.6421987003259243,281.1333309664149,270.18
177,8.0,10,7,5.538434926318301,0.6040968043280034,290.3953168217939,282.79672406082284
178,8.0,10,8,5.671659836676982,0.5466838480307463,323.6478833869231,317.70508202474684
179,8.0,10,9,5.744578789139928,0.5479455024785151,348.4410415780735,342.58376037531514
180,9.0,10,0,5.898853627451952,0.3266996292703851,383.82055113983245,349.76308196209965
181,9.0,10,1,5.890998857381551,0.318371613003904,381.0261824453394,342.58897390621905
182,9.0,10,2,5.929653085329046,0.3318449804740747,398.33689724899915,351.0
183,9.0,10,3,5.931947322028087,0.3491825338345083,402.2077657591184,350.07136485280944
184,9.0,10,4,5.941217730662945,0.3656686709126432,407.2737647528082,348.54545454545456
185,9.0,10,5,5.962662048863519,0.36731564742591766,417.19226848450865,355.011452012648
186,9.0,10,6,6.017574205845217,0.3706187088660276,441.1959106983127,378.2597289024915
187,9.0,10,7,6.013223550491185,0.37015509266184166,438.0310485797616,385.37756273030357
188,9.0,10,8,6.013067488795933,0.38779885712702206,441.3706864765174,375.0106913756237
189,9.0,10,9,6.013518339403031,0.3886782931110012,443.92492382536625,363.46153846153845
190,10.0,10,0,,,,
191,10.0,10,1,,,,
192,10.0,10,2,,,,
193,10.0,10,3,,,,
194,10.0,10,4,,,,
195,10.0,10,5,,,,
196,10.0,10,6,,,,
197,10.0,10,7,,,,
198,10.0,10,8,,,,
199,10.0,10,9,,,,
200,1.0,05,0,5.823867034921397,1.0133838721510244,483.1098449254922,474.17420823515255
201,1.0,05,1,5.907171203867301,0.9951834289804389,520.1745453601494,507.62650265585637
202,1.0,05,2,5.947135652245036,0.9807946220898254,535.1403947796522,564.429607459422
203,1.0,05,3,6.044260882700646,0.9486766849240462,571.3550898038824,625.1606070603758
204,1.0,05,4,6.032206235884716,0.9878798568937057,567.7399275432721,598.3596178197305
205,1.0,05,5,5.886532215048635,1.032457967486357,512.8215887600862,490.60825112823954
206,1.0,05,6,6.156263901851462,0.7849433204014319,593.3606419902046,637.5
207,1.0,05,7,6.033672106801588,0.8792437599870692,554.8472620474282,599.9913664095775
208,1.0,05,8,5.954477604260627,0.8436653875279764,511.6598415624929,485.1986513756947
209,1.0,05,9,6.047463086151292,0.8217807324957503,545.716719365832,528.5148122851181
210,2.0,05,0,5.532675714668594,0.8445519437406479,353.0728744796491,223.68655170312584
211,2.0,05,1,5.598150084282978,0.8181631245527272,364.0008183830052,231.4849795868624
212,2.0,05,2,5.710551023249608,0.778647978648099,404.62765373230917,259.97152998595
213,2.0,05,3,5.796993425491735,0.8456320353537033,447.555123121159,356.8392089423896
214,2.0,05,4,5.790183463216104,0.9892296631751595,459.15772061481033,371.2150386935593
215,2.0,05,5,5.766978292327353,0.9644326306735483,453.6970893183486,356.6053256961795
216,2.0,05,6,5.815705780006574,0.9116461951345174,461.7360088962107,361.45454545454544
217,2.0,05,7,5.928121228649301,0.8075931642594173,505.27839302817347,374.68116938950897
218,2.0,05,8,5.82748539202862,0.7277325923925054,432.84026661752614,361.45454545454544
219,2.0,05,9,5.93074696832585,0.870897883826467,535.540210669061,387.12613470309503
220,3.0,05,0,4.899885947133797,1.504804382405496,344.10912616153996,89.72727272727272
221,3.0,05,1,5.354820630532745,1.4875051731098694,462.4997350040743,234.81521739130437
222,3.0,05,2,5.1366028219789195,1.4268763491108347,385.26202111588833,205.5
223,3.0,05,3,5.273824244093049,1.4501088342940782,432.0981008549554,205.5
224,3.0,05,4,4.97209060392901,1.4577236871345651,358.595826502636,89.72727272727272
225,3.0,05,5,4.9801323032640665,1.4595723233140172,357.6013267150469,86.39608100477668
226,3.0,05,6,5.332319133898057,1.4867132502803717,469.84623416910324,218.34375
227,3.0,05,7,5.70083590113052,1.3865314029649691,568.0211279483527,662.0655737704918
228,3.0,05,8,5.031629352901535,1.3674884963977103,355.99888181216704,87.35062645932214
229,3.0,05,9,5.071886961125701,1.3663662029842456,388.16297113910144,86.94721870293789
230,4.0,05,0,4.193538563920253,1.2777683241748405,153.84886462102278,46.285714285714285
231,4.0,05,1,4.200267043587598,1.2609917565692603,150.24810671625858,45.0
232,4.0,05,2,4.0598213302995765,1.1182325343652069,121.84919565467082,46.285714285714285
233,4.0,05,3,4.448598772340359,1.3462046867891366,192.36911419319978,55.883523619985326
234,4.0,05,4,4.285636227913377,1.1554265007515756,147.25761533216013,50.400000000000006
235,4.0,05,5,4.454538122308535,1.2631584753318488,186.34303465446885,54.274205789873136
236,4.0,05,6,4.358122154211044,1.1940242697264534,161.57993097922918,54.0
237,4.0,05,7,4.373475225321191,1.2017512879881187,174.10605100341638,50.40915697674418
238,4.0,05,8,4.356840206835848,1.2031278701650723,158.0590346474491,54.0
239,4.0,05,9,4.2192839566705285,0.99405401176502,126.39594174239042,56.11828048884714
240,5.0,05,0,4.115852399434858,0.8773953252097821,85.59126248252761,62.30769230769232
241,5.0,05,1,4.16762623736819,0.8666596252516469,90.05878252425192,63.75
242,5.0,05,2,4.041142415226421,0.8410037693438319,78.95068921270884,54.60076045627376
243,5.0,05,3,4.087111419365593,0.8337812902281939,81.43707742422465,60.25243229029716
244,5.0,05,4,4.207490567308215,0.8282571328591187,90.68605335998305,69.51229997611657
245,5.0,05,5,4.279860401737033,0.7954538285885506,95.68563635049114,73.94393150914895
246,5.0,05,6,4.246357004143565,0.8097517043776526,93.40505028376764,70.875
247,5.0,05,7,4.319316910562117,0.7774708731399653,98.74077159301704,75.375
248,5.0,05,8,4.248857866622426,0.7326705215746026,89.63547118546009,69.15508396265658
249,5.0,05,9,4.372476399840728,0.742462806244924,101.23933061526908,78.16666666666667
250,6.0,05,0,4.576369405139724,0.8021888993220444,128.72837465757783,95.55133079847909
251,6.0,05,1,4.592037567823319,0.8305717186803986,131.31249913665656,98.1818181818182
252,6.0,05,2,4.606525597037203,0.8173545323994489,130.77205537083475,99.6923076923077
253,6.0,05,3,4.620650295648915,0.8177956114903447,134.20648637502578,98.62375580623764
254,6.0,05,4,4.647836792144776,0.8067206502901181,134.75208545428544,101.09249622293108
255,6.0,05,5,4.70655884326113,0.7806508452328493,142.40454255005903,107.30941019278492
256,6.0,05,6,4.7668928277065765,0.7388567324279763,147.983955218202,113.62430024880041
257,6.0,05,7,4.7794566308808415,0.6950760091378947,147.9183181611083,113.0625
258,6.0,05,8,4.807757000193638,0.6731676047521894,151.62509941187565,112.90909090909092
259,6.0,05,9,4.909332612380651,0.6901809322873054,168.066269615123,125.1943118915824
260,7.0,05,0,5.0780114895156965,0.6132163700702699,192.583111876824,161.70040685488848
261,7.0,05,1,5.130026835443776,0.5807585409154019,199.37883272676476,168.14022471910116
262,7.0,05,2,5.1390297765339135,0.57754726156685,200.7912670879472,168.28368881765508
263,7.0,05,3,5.172463641929377,0.5711265881941656,206.827429323872,176.16666666666666
264,7.0,05,4,5.174378656746564,0.5398173884832459,204.7076925261576,174.46153846153845
265,7.0,05,5,5.204883493708179,0.48494694689448287,205.16969020640897,177.3077998944422
266,7.0,05,6,5.217443682864848,0.5148701157465913,208.88695344491802,184.46007475365272
267,7.0,05,7,5.239902031994735,0.5109590342429244,214.05065488908065,185.4126494883492
268,7.0,05,8,5.2763398963866255,0.522875355378368,223.5424526103411,191.5049371026648
269,7.0,05,9,5.323732283800672,0.5018342108893357,232.03486540550747,201.3333333333333
270,8.0,05,0,6.371063572773738,0.4673877327359773,644.8499615338387,607.5
271,8.0,05,1,6.3783425306819455,0.46148490984705165,647.5957023191087,603.5411842540517
272,8.0,05,2,6.421241364907492,0.44392833653402775,672.1032821203072,631.3457695525908
273,8.0,05,3,6.402744782106336,0.43670282315077225,656.8343140985008,613.5900398584804
274,8.0,05,4,6.424272242540157,0.4175626380782556,669.4354907071286,616.7113237639554
275,8.0,05,5,6.421265402852486,0.4121845251819303,664.3080113861723,619.0961538461538
276,8.0,05,6,6.470611454683061,0.3849501618267875,692.098842011215,658.9823814152438
277,8.0,05,7,6.490586938224676,0.37755932347896765,703.9341921037933,680.0682645250346
278,8.0,05,8,6.439675686744212,0.4018683661912728,677.7107424002919,620.3486602712533
279,8.0,05,9,6.495406905613187,0.3356576325315326,700.4674800945082,653.5406698564597
280,9.0,05,0,7.082870479059363,0.3048269775893662,1248.3093582399567,1145.0097087378642
281,9.0,05,1,7.071396882137007,0.3069984238687791,1234.087943041464,1122.4596774193549
282,9.0,05,2,7.094335740703082,0.3046814382965231,1262.5204424981473,1157.5922330097087
283,9.0,05,3,7.082759745169621,0.3009805762925013,1246.6373752762345,1140.2575757575758
284,9.0,05,4,7.111967186349129,0.3006115058261082,1283.0148563509842,1189.552320828413
285,9.0,05,5,7.0912161043087245,0.2972534021760217,1255.8219631595675,1141.88597079614
286,9.0,05,6,7.090235557140487,0.2922580405930629,1252.387729248699,1145.0097087378642
287,9.0,05,7,7.122071147635501,0.3078074252656799,1299.000037406007,1214.7247706422015
288,9.0,05,8,7.122718720460844,0.2987940067384033,1296.7345176220645,1197.0399084543933
289,9.0,05,9,7.258779568275225,0.3316777496564934,1503.3841582082666,1436.2365355809436
290,10.0,05,0,,,,
291,10.0,05,1,,,,
292,10.0,05,2,,,,
293,10.0,05,3,,,,
294,10.0,05,4,,,,
295,10.0,05,5,,,,
296,10.0,05,6,,,,
297,10.0,05,7,,,,
298,10.0,05,8,,,,
299,10.0,05,9,,,,
300,1.0,11,0,4.114566040378535,1.3104201633858907,335.0570846110645,53.52432290297137
301,1.0,11,1,4.082610524407171,1.2060268539816408,269.97907834050915,54.312298479963154
302,1.0,11,2,4.1310851384318985,1.2775797117487406,322.43494818870596,58.63473053892216
303,1.0,11,3,4.163520437818264,1.2723785139611894,321.4036279951551,60.0
304,1.0,11,4,4.126075518675596,1.28765922539361,344.4408808926226,55.833333333333336
305,1.0,11,5,4.155662111249451,1.3721817888629255,339.05201207099117,60.54568635784105
306,1.0,11,6,4.006201832483909,1.3675658868344753,271.62187377670017,52.146031529029784
307,1.0,11,7,4.04918805688336,1.50082425614941,323.06414134526386,55.58823529411765
308,1.0,11,8,4.036785916876633,1.4350858075520738,249.8682342887847,55.833333333333336
309,1.0,11,9,4.197184628531501,1.2110082410804306,224.261587651703,66.35949711179072
310,2.0,11,0,3.9360165570968504,1.1607150995809454,105.09959773739322,46.5
311,2.0,11,1,3.858333476695553,1.0243543639696935,86.76802996840968,44.59327217125384
312,2.0,11,2,3.9022972985245783,1.1321028078286726,105.76598546056938,40.5970605077305
313,2.0,11,3,3.953665976222944,1.0916634179673066,102.91465711642292,47.25
314,2.0,11,4,3.9498998719848095,1.0470665786929265,103.18107728652812,47.25
315,2.0,11,5,4.038523934212624,1.1307119083521224,120.99773677301297,47.26242440178808
316,2.0,11,6,3.8579176216981916,1.119792989556315,103.35952268695326,37.6875
317,2.0,11,7,3.9096437122011105,1.138378279060508,104.59830970067306,39.085100029859646
318,2.0,11,8,4.004803541448334,1.160870608158532,122.01115684900346,43.400826446280995
319,2.0,11,9,4.0618906131682495,1.2126448636633167,130.8660650328255,47.25
320,3.0,11,0,3.758051488848339,0.9541466797581662,66.01773265998379,34.714285714285715
321,3.0,11,1,3.731590190715598,0.7983662159684798,59.12113968213382,34.395461912479746
322,3.0,11,2,3.768473613686316,0.9365827496597537,65.5493812999403,33.75
323,3.0,11,3,3.7513993468768376,0.9023883409668823,62.7392067377873,34.395461912479746
324,3.0,11,4,3.762978776411326,0.8479361351996485,61.72552700931147,34.395461912479746
325,3.0,11,5,3.795202653049937,0.843994458186635,64.11170690485088,36.3
326,3.0,11,6,3.7509087425267955,0.8314253215237649,60.99100358000972,34.36363636363636
327,3.0,11,7,3.704660456057,0.8508176099672583,60.029208623749014,33.75
328,3.0,11,8,3.8189414972800404,0.8056326375896085,64.33423349785667,36.3
329,3.0,11,9,3.9202171022609718,0.8942174647394768,74.63380749347738,37.8
330,4.0,11,0,3.698326878847776,0.8633769494062953,77.17656997105384,43.19432027346833
331,4.0,11,1,3.7166921968827515,0.8033916575678562,71.32415341596987,46.285714285714285
332,4.0,11,2,3.707086569490137,0.8038414962351506,71.72907256560487,45.0
333,4.0,11,3,3.7362925304218377,0.7167130993562162,65.99113320293498,46.285714285714285
334,4.0,11,4,3.7050304835653365,0.7395933300846184,65.66599825015957,45.0
335,4.0,11,5,3.687216624307217,0.7468497498717785,67.28618265335909,40.5970605077305
336,4.0,11,6,3.7353654996375516,0.774349216092607,73.58787262269928,45.0
337,4.0,11,7,3.718848079983143,0.8002939599226392,74.56335855272285,44.66666666666666
338,4.0,11,8,3.734681637744621,0.7610613909100669,76.17437686149516,44.66666666666666
339,4.0,11,9,3.7518356441621465,0.7889882649787443,72.66554039871376,46.285714285714285
340,5.0,11,0,3.6627637407924913,1.1788036387166065,91.61028981856343,33.5
341,5.0,11,1,3.4849654290664507,1.1072860967030156,74.12433624843688,30.57374392220422
342,5.0,11,2,3.4664910597663203,1.126241127678675,72.06044980515328,28.662884927066457
343,5.0,11,3,3.5493703129317047,1.0913558629138926,76.31025906165588,31.5
344,5.0,11,4,3.5013764049875773,1.1119833857788515,74.22675526643513,31.419773095623995
345,5.0,11,5,3.488797186451205,1.1287426603849,76.78997913211363,29.88593155893536
346,5.0,11,6,3.5068668220757906,1.085869139741353,74.3036017966664,30.836037411719808
347,5.0,11,7,3.468352003355887,1.073260120305231,71.25160604799977,30.755801465183318
348,5.0,11,8,3.549540164815697,1.1382033954943824,81.98197362082078,31.5
349,5.0,11,9,3.6061369945305755,1.0840790399231814,79.47652302821699,33.5
350,6.0,11,0,3.79019703326638,0.807661816150231,62.11183493092538,47.32247125397292
351,6.0,11,1,3.8027678330646304,0.8060818869391995,61.54888908895128,48.774193548387125
352,6.0,11,2,3.8329470997480937,0.8318292207274383,65.25830275162681,50.259028811037496
353,6.0,11,3,3.8511656422223712,0.8228327324357794,65.11419363105225,51.10588235294118
354,6.0,11,4,3.849421642458351,0.8288831385137685,64.82142532742512,50.82471910112362
355,6.0,11,5,3.9317352895509776,0.8395086895378975,70.71056014297658,57.19202292811081
356,6.0,11,6,3.9633157155656322,0.8435482214675492,72.66727943524808,58.66875
357,6.0,11,7,3.9856168309560616,0.8638699952769269,74.09757853751366,60.0
358,6.0,11,8,4.048340718919886,0.880252003165066,80.54626443478351,63.854325532474384
359,6.0,11,9,4.105269218183696,0.9070280674157687,87.3958714416378,68.72727272727272
360,7.0,11,0,4.359947080010609,1.0844628013219382,139.16414375313056,84.0
361,7.0,11,1,4.356519329799496,1.0665857923846653,134.8938243590447,83.56914712878019
362,7.0,11,2,4.319845258232596,1.092653480936324,134.20114026615485,77.81675892345872
363,7.0,11,3,4.3346427496764415,1.0752209615472557,132.01740855832824,81.9
364,7.0,11,4,4.289416316010397,1.1018262084098647,128.7506980115907,75.44459833795014
365,7.0,11,5,4.315791626087106,1.1504605889136168,136.87212337902488,81.0
366,7.0,11,6,4.327038982050505,1.141066873092016,135.59628483856727,81.42648150262613
367,7.0,11,7,4.35396228248882,1.1686807292060555,145.68096288888674,82.2294330979195
368,7.0,11,8,4.458925962270143,1.1764325955770385,156.54145659622145,96.39828195105873
369,7.0,11,9,4.39473203580611,1.2005317582183899,154.0612679076669,82.5
370,8.0,11,0,5.212475860119566,0.7818876325284366,244.65181409310833,189.3333333333333
371,8.0,11,1,5.488055694501863,0.6899468642920212,302.0300580994358,253.26388858309446
372,8.0,11,2,5.571047542448648,0.6931104500594073,321.10806796042937,281.635
373,8.0,11,3,5.625825783589787,0.5800666235349765,326.22567770459426,281.52000000000004
374,8.0,11,4,5.750983750888018,0.5849306162615567,368.68978672776126,337.4781096140805
375,8.0,11,5,5.84388802546475,0.5628725781729754,398.2057457958591,390.5084745762712
376,8.0,11,6,5.95549577611306,0.5088445489139292,433.76886937035334,429.1969086021505
377,8.0,11,7,5.979232571755842,0.5074048669086064,444.1698817079591,441.8181818181818
378,8.0,11,8,6.051702653557153,0.4548761927275811,467.7735697101691,463.15320957038665
379,8.0,11,9,6.164713895953048,0.44900900706295965,522.3553787562846,514.8223562495374
380,9.0,11,0,6.298446796683554,0.3597583121789322,582.3315408524628,524.0625
381,9.0,11,1,6.322922602743878,0.3809748096154879,598.7471408785847,535.6914893617021
382,9.0,11,2,6.341470819452202,0.3674939422379254,608.188865537654,540.0
383,9.0,11,3,6.320604458166667,0.3474645025958172,591.0853934734481,535.6914893617021
384,9.0,11,4,6.338712473827285,0.38367417085564154,609.0037384283241,540.0
385,9.0,11,5,6.363943042726302,0.3514444144087194,619.9292840807519,548.4375
386,9.0,11,6,6.371229980328286,0.3500728017218297,624.012256761349,555.3658536585366
387,9.0,11,7,6.372633877056012,0.3405306449501629,622.378619859895,563.7446808510638
388,9.0,11,8,6.433690977202863,0.34462274490080064,662.2909824503906,590.4915254237288
389,9.0,11,9,6.488239134928009,0.3509701028304979,701.5109233315371,612.7358490566038
390,10.0,11,0,,,,
391,10.0,11,1,,,,
392,10.0,11,2,,,,
393,10.0,11,3,,,,
394,10.0,11,4,,,,
395,10.0,11,5,,,,
396,10.0,11,6,,,,
397,10.0,11,7,,,,
398,10.0,11,8,,,,
399,10.0,11,9,,,,
400,1.0,06,0,5.455992180525256,0.8579348701656063,306.8294783960589,276.0
401,1.0,06,1,5.528392966380641,0.8904917522315788,327.4467724460668,312.0
402,1.0,06,2,5.2804290197712165,1.0168714972580264,283.3910411497781,241.0169491525424
403,1.0,06,3,5.149115879946816,1.0517048879372628,263.4789443338933,195.86213826366557
404,1.0,06,4,5.388456528945817,0.8982027966176839,294.2748112929175,276.0
405,1.0,06,5,5.557900953901104,0.807973080126727,333.65369053213533,352.8919332619004
406,1.0,06,6,5.565196853986768,0.7500290680357643,324.5257300416711,357.3905556405932
407,1.0,06,7,5.492985255848048,0.7406750563660766,302.9136697653429,300.0
408,1.0,06,8,5.40578330645347,0.855876151896188,291.37039074495175,265.1186440677966
409,1.0,06,9,5.462833074707311,0.7680785111540224,302.9188858073381,265.1186440677966
410,2.0,06,0,4.641481547489196,1.5545771604815246,240.9304508436206,126.5
411,2.0,06,1,4.749267921216423,1.3623001505987824,234.12067798892744,100.29568379880588
412,2.0,06,2,4.6707125630256145,1.1885935747641978,200.26565973999942,97.76153346328786
413,2.0,06,3,4.624943196298394,1.1324721226163277,182.7198580029678,100.29568379880588
414,2.0,06,4,4.751757553965956,1.2637741343423423,224.26567363426483,92.33815408887725
415,2.0,06,5,4.716253306806018,1.3703618681590983,224.44347760771842,123.55891031359344
416,2.0,06,6,5.139109493220856,1.2127826516082538,290.05588986210853,160.45354126055884
417,2.0,06,7,5.217522690028234,0.9474131549475612,276.38280884410335,157.99807863857788
418,2.0,06,8,5.158645718789195,0.9027599199606239,251.39251478948427,140.77849447608568
419,2.0,06,9,5.281480818590861,0.8503233966505706,276.8513003162794,163.70391795950567
420,3.0,06,0,6.958121153396217,0.3825367404198378,1133.4231604731187,952.2585344356166
421,3.0,06,1,6.818089527007764,0.28797805231969503,955.6093884188233,865.5417964604809
422,3.0,06,2,6.950228667621148,0.4060665814828643,1134.3001690609615,918.7050535593664
423,3.0,06,3,6.593608478503593,1.058076186575858,969.1294583621465,709.08
424,3.0,06,4,6.811365714964335,0.41245733748609137,995.4424400133161,867.2846321820474
425,3.0,06,5,6.856227961971917,0.42204352928116184,1045.2949586243103,902.8394184064086
426,3.0,06,6,6.823872060231692,0.4401615717187161,1022.5660035106913,727.74
427,3.0,06,7,6.890675829322644,0.5192974154053621,1134.8097001209267,733.9599999999999
428,3.0,06,8,6.914807264110893,0.4994466156061632,1156.283998355287,733.9599999999999
429,3.0,06,9,6.559249646756505,1.038590050126477,925.5984188175775,740.1800000000001
430,4.0,06,0,4.58031881460456,1.0247233542028746,156.7214944421572,96.8
431,4.0,06,1,3.973916402798721,1.2887455843614852,111.69155216373186,72.09928872114966
432,4.0,06,2,4.0538348280056535,1.1369908410092315,106.10569066714734,84.7
433,4.0,06,3,4.025070517126025,1.0560585357675945,99.73810183630829,63.12857142857143
434,4.0,06,4,3.881974281003091,1.1170369483854317,93.20116809583047,47.33095623987035
435,4.0,06,5,4.139495909355256,1.1275141882828756,115.55784489843097,84.7
436,4.0,06,6,3.9849599395896607,1.1584859111917791,95.96506885614637,91.2
437,4.0,06,7,3.7650511701268314,1.276129731432605,95.42621794930695,33.51442463533226
438,4.0,06,8,4.019433187735263,1.1225659018508423,103.92348679870695,84.0923210915953
439,4.0,06,9,3.9148819251281397,1.0306014941844646,80.99168338288958,77.06699085498622
440,5.0,06,0,3.9556036883574826,1.2130227677470136,109.62540974138128,44.29263573743923
441,5.0,06,1,3.9415157005540427,1.1667482495273045,111.38902348642637,42.75225450901803
442,5.0,06,2,3.855812765548495,1.0948993138333627,85.64357059208389,35.472276741903826
443,5.0,06,3,3.930926287586956,1.1505132763670707,102.85149137627957,43.2
444,5.0,06,4,3.7551485728538827,1.1234269469746452,90.14601227405574,32.28451222718907
445,5.0,06,5,3.863314432267277,1.1325620344208058,98.33804638075192,35.4375
446,5.0,06,6,4.07302919818392,1.1417431637459414,105.83199506565796,65.59787657597879
447,5.0,06,7,4.068676152741207,1.1537331614175226,120.69316388644121,55.05507026205849
448,5.0,06,8,4.097508677031175,1.107343965477925,118.54512067707584,58.65024311183146
449,5.0,06,9,4.00100789755621,1.1067435027511643,116.10176111546023,45.0
450,6.0,06,0,4.423990152990819,1.0340097286287144,147.39142716002826,82.94530633710232
451,6.0,06,1,4.624620099686326,0.9583598605219188,162.63163829381742,104.2153846153846
452,6.0,06,2,4.584026281070689,0.9791843573988052,162.28048449765373,100.5
453,6.0,06,3,4.513845861309185,1.0361318057692281,157.43096179770268,89.33333333333333
454,6.0,06,4,4.548602717727077,0.9703721046529848,152.33490224398423,96.54490515360088
455,6.0,06,5,4.638036188332804,1.0059277384420506,167.54964854020741,109.77215124555329
456,6.0,06,6,4.756350275698649,0.9883556046064293,189.09914107713806,127.70755211061064
457,6.0,06,7,4.739761830253609,1.0075219416369712,192.70383557406856,113.31054430712602
458,6.0,06,8,4.690555947556744,0.9747719043737828,178.86489662485116,109.66978430998287
459,6.0,06,9,4.716174912146259,0.9676560055583201,183.08716506310307,111.6
460,7.0,06,0,5.299418541686231,0.6876288400902787,241.4535177898689,208.2161055505004
461,7.0,06,1,5.336221093094824,0.6477364313590932,242.45479264755912,208.2161055505004
462,7.0,06,2,5.385218375407698,0.598489799800056,251.5548237347676,217.4957136947679
463,7.0,06,3,5.20463153501872,0.7051842836268416,221.97458648975393,207.64285714285717
464,7.0,06,4,5.378154605418733,0.5516768121772728,245.755601543947,215.1813013265951
465,7.0,06,5,5.506629856228486,0.5764959095623873,280.8756641231527,254.1425541487242
466,7.0,06,6,5.3905792054448085,0.6072036083028055,254.37914099026423,224.4375
467,7.0,06,7,5.396324250057812,0.594549149762045,254.2753219311533,222.6469028089607
468,7.0,06,8,5.351011718842749,0.5854803325465021,240.89192665079895,210.52500386743174
469,7.0,06,9,5.394253138310864,0.6116779424517128,256.0779310362013,222.60585873334543
470,8.0,06,0,6.103934652085656,0.2835408542548074,463.51569989288276,458.9556697208827
471,8.0,06,1,6.114493976716889,0.2859527361971945,467.3969575237886,466.4369431547241
472,8.0,06,2,6.153381256684783,0.2898089944551629,487.34401461419606,495.78475671234906
473,8.0,06,3,6.1184653208534625,0.34044167776669365,475.37338791834077,475.9540278586932
474,8.0,06,4,6.124233646954832,0.2911674518288555,473.54203577327564,474.3340728079425
475,8.0,06,5,6.168517008913767,0.29340639562955634,495.0266066516083,505.5890063109151
476,8.0,06,6,6.140707267855831,0.2793797668136131,480.67922640565877,469.298024329571
477,8.0,06,7,6.139947113147732,0.27072886599403284,479.8505829086963,475.9540278586932
478,8.0,06,8,6.15320885336049,0.286786619113688,487.31127626035965,478.044145787904
479,8.0,06,9,6.147985716459682,0.28250373549419533,484.819013362785,466.9955582388197
480,9.0,06,0,,,,
481,9.0,06,1,,,,
482,9.0,06,2,,,,
483,9.0,06,3,,,,
484,9.0,06,4,,,,
485,9.0,06,5,,,,
486,9.0,06,6,,,,
487,9.0,06,7,,,,
488,9.0,06,8,,,,
489,9.0,06,9,,,,
490,10.0,06,0,,,,
491,10.0,06,1,,,,
492,10.0,06,2,,,,
493,10.0,06,3,,,,
494,10.0,06,4,,,,
495,10.0,06,5,,,,
496,10.0,06,6,,,,
497,10.0,06,7,,,,
498,10.0,06,8,,,,
499,10.0,06,9,,,,
500,1.0,07,0,5.552133308834908,0.9974303960203202,386.0027854838198,292.47058823529414
501,1.0,07,1,5.5649713075849885,0.9353187510545644,373.9788106864332,292.47058823529414
502,1.0,07,2,5.627553570333122,1.0011842581674506,421.2549472330363,307.2669683257918
503,1.0,07,3,5.553335356557462,1.0264510730954017,396.18934328851975,288.2430561490467
504,1.0,07,4,5.579970901137624,1.0674174207759006,404.3959678452374,312.6163575762751
505,1.0,07,5,5.75064527796947,0.9405543937500852,448.4944252351801,349.92
506,1.0,07,6,5.668453516913908,0.9358970318370752,411.7144785311738,319.05882352941177
507,1.0,07,7,5.724238494402635,0.8667497698365478,417.8219557148995,314.2639090676006
508,1.0,07,8,5.768156872440586,0.8075618497806545,434.6150444736062,312.6163575762751
509,1.0,07,9,5.805620654897945,0.8389343157732394,444.85983120479716,319.05882352941177
510,2.0,07,0,5.42899872379132,0.955898040917812,352.1571842222453,244.21876280213027
511,2.0,07,1,5.494273597639873,0.8850535831542498,359.0458516300525,255.7831349456728
512,2.0,07,2,5.473912853005867,0.9577353520742113,362.2887183984814,255.8998031680567
513,2.0,07,3,5.657417427327922,0.9294181471002997,423.4675402759075,268.1370368331217
514,2.0,07,4,5.562908773289588,1.0578878803233553,425.1176146092495,263.156902908644
515,2.0,07,5,5.609679897095358,0.9545572155261159,422.9550623160057,275.3804684051406
516,2.0,07,6,5.6863907433097465,0.9780340596310947,439.16633743654404,292.6046702171241
517,2.0,07,7,5.6315837548970284,0.9514951305663992,424.2403796829817,281.57345776435824
518,2.0,07,8,5.681473625847506,0.9471070916974164,485.7316785422401,275.77582736130086
519,2.0,07,9,5.720963263199898,0.9194061315838694,507.19923585635865,257.57798478762464
520,3.0,07,0,5.024266791133527,1.4522857338183661,358.25795129590904,124.5
521,3.0,07,1,5.21175364644283,1.546189473763353,418.38308433622774,247.244179750947
522,3.0,07,2,5.250570740436721,1.634955448059593,459.73436782373284,185.2409966322538
523,3.0,07,3,5.177785023855899,1.7727460863993239,461.88448877231883,183.2400443841697
524,3.0,07,4,5.187042348627474,1.7577329597541562,457.7882823314739,183.2400443841697
525,3.0,07,5,5.403724613413897,1.7157825574424255,554.9289599075604,341.07151646404424
526,3.0,07,6,5.1800718552098655,1.6799448164841677,473.0861109409272,141.28125
527,3.0,07,7,5.067509532115027,1.9698351420907216,487.5137236145447,128.4375
528,3.0,07,8,5.248122724163431,2.0143528537023037,621.625801969523,154.125
529,3.0,07,9,4.763616086675489,1.7796870806039533,396.22336816477804,99.7389415216411
530,4.0,07,0,3.8749430038394896,1.3489733366606498,152.54990397423984,36.0
531,4.0,07,1,4.02082074495504,1.4193985170672854,182.1735935705387,36.0
532,4.0,07,2,3.7510456815040136,1.1917793719269512,114.54363366168614,34.79060293318848
533,4.0,07,3,3.9032894769615667,1.445035612444681,169.07713672919897,34.714285714285715
534,4.0,07,4,3.9912580876662807,1.3939285248829045,179.0205709071268,36.0
535,4.0,07,5,4.155642614991443,1.4232346276525913,206.608129306823,38.22053231939164
536,4.0,07,6,4.111451634654594,1.3698019535833372,194.93211892710096,38.22053231939164
537,4.0,07,7,3.998132300583073,1.323723275986372,164.64973640641793,37.8
538,4.0,07,8,4.091422140292206,1.3442427544866256,167.73982069830612,44.9277566539924
539,4.0,07,9,4.217806381585405,1.3695060853765895,206.7399842757521,47.66547811993517
540,5.0,07,0,4.0709649689384655,0.9641199778165305,99.93625534482642,50.623574144486696
541,5.0,07,1,4.160285847365418,0.9668310486573423,107.02318456829084,57.33079847908745
542,5.0,07,2,4.026529557456421,0.9455077556656797,91.88561645945454,53.52432290297135
543,5.0,07,3,4.037522987405229,0.9776789479288319,99.32974282044559,50.400000000000006
544,5.0,07,4,4.191458562069793,0.9441179086107625,109.32468675197617,56.92269261109654
545,5.0,07,5,4.300263455036689,1.0016516527785413,129.09129265028528,66.66666666666667
546,5.0,07,6,4.32466572285451,0.8903760889330239,114.70016967486374,71.26996197718633
547,5.0,07,7,4.335819250238555,0.8479005319010416,110.22795147676969,71.26996197718633
548,5.0,07,8,4.43986819313829,0.8718978042085045,125.57736429393438,80.0
549,5.0,07,9,4.398963396105477,0.8675745351367862,122.12563058726703,76.7919608908202
550,6.0,07,0,4.688917932225246,0.8790478683901627,154.67864139946576,109.73472356444626
551,6.0,07,1,4.7531544718295615,0.8609695489502665,161.01098578824724,119.35146067415737
552,6.0,07,2,4.798782966754152,0.8876302113457545,170.64088926138876,128.57142857142858
553,6.0,07,3,4.766307623112988,0.8780053556068654,165.94501989618865,122.935411592791
554,6.0,07,4,4.801948732204438,0.8813402798289528,170.46176776469943,128.57142857142858
555,6.0,07,5,4.950158097815863,0.8746011980512678,196.91285308280646,153.57692307692307
556,6.0,07,6,5.005346022403942,0.7957926684306523,195.4970994191604,163.82636655948556
557,6.0,07,7,4.990686145240237,0.8236485860406009,195.4262438673436,157.5
558,6.0,07,8,5.021359516438276,0.8224891300380622,201.6348690106201,169.69621501664412
559,6.0,07,9,5.077803571842584,0.8197826715526843,211.18282379348577,181.5
560,7.0,07,0,5.225534715537574,0.6700060955544973,222.0492851234166,228.91304347826087
561,7.0,07,1,5.266781329460451,0.6506322761587633,228.67952114366685,238.8253719655442
562,7.0,07,2,5.24865874939197,0.6730385083570867,227.02360762716884,238.53585086042068
563,7.0,07,3,5.1771641021667305,0.6858510142372057,213.96281710389104,225.6480128319372
564,7.0,07,4,5.279925164519737,0.6454969769214768,231.25085113786866,240.76989166977964
565,7.0,07,5,5.31891576489634,0.6658817740647016,240.64625381448528,251.76981045900848
566,7.0,07,6,5.403526743007342,0.587167634335552,253.55657881914138,260.0
567,7.0,07,7,5.386536475794812,0.5864450008057814,250.67100736031162,256.6538102353381
568,7.0,07,8,5.3964054145619205,0.57587204857316,252.16268120200385,257.7272727272727
569,7.0,07,9,5.400263651915513,0.5749191242942927,251.89449921801736,255.0
570,8.0,07,0,6.2767499208051785,0.8373763632780773,716.2468839475869,567.7532244196037
571,8.0,07,1,6.205608780793239,0.8054294061730596,660.2634594597475,474.4705882352941
572,8.0,07,2,6.238655700154073,0.8143091527018841,692.9495006814359,458.9299050464099
573,8.0,07,3,6.238291731037995,0.8948584598594026,714.0555296984317,559.821032581764
574,8.0,07,4,6.358436999330977,0.8180031653232546,761.4453978981204,708.0
575,8.0,07,5,6.3654063768158125,0.7509772115498848,747.1602879550004,631.7884615384615
576,8.0,07,6,6.335522431083156,0.7845310490685796,745.077122730288,554.6931836237483
577,8.0,07,7,6.259625642226655,0.8305209570293735,705.3422022816495,544.2857142857143
578,8.0,07,8,6.269311784514394,0.8163928084118662,710.3370104285061,525.4939886658537
579,8.0,07,9,6.364405019913821,0.8030716637092673,774.380832655656,666.4
580,9.0,07,0,,,,
581,9.0,07,1,,,,
582,9.0,07,2,,,,
583,9.0,07,3,,,,
584,9.0,07,4,,,,
585,9.0,07,5,,,,
586,9.0,07,6,,,,
587,9.0,07,7,,,,
588,9.0,07,8,,,,
589,9.0,07,9,,,,
590,10.0,07,0,6.59545292122861,0.2954846761629797,760.7529654177833,743.4329319673031
591,10.0,07,1,6.629078413896571,0.2877626194132347,786.021777865922,762.6466346153846
592,10.0,07,2,6.6936976102347225,0.2656089530894228,834.3364715762465,801.9796773041581
593,10.0,07,3,6.755991027319398,0.2716388181230181,888.8460412713216,864.4932003052501
594,10.0,07,4,6.781501104431289,0.29788472130970456,918.8999782715317,894.9899895868966
595,10.0,07,5,6.811976826138096,0.2786881259711057,942.2939165978753,925.0
596,10.0,07,6,6.820202306446722,0.2745079103595894,949.8848210860942,938.3268713874552
597,10.0,07,7,6.82938410114707,0.2849665337203057,960.7120486234311,938.8423733303052
598,10.0,07,8,6.843669724692394,0.29224178631716075,975.5317588502305,962.5
599,10.0,07,9,6.859707988499324,0.2801550808914184,988.7628801555594,971.4132627332324
