,order,Q_decile,mu,sigma,n,loc,mean,median
0,6,0,2.9603089463314487,0.760449449206958,1618,0,26.426991675007166,15.747474326426127
1,7,0,2.914159415734722,0.7017726342190733,9269,0,23.562119473988457,16.3229368578029
2,8,0,3.2282398350969106,0.8358242710578555,3001,0,34.41190368911949,25.875436068074787
3,9,0,3.2271552724291235,0.944353955512159,8690,0,38.44017425754581,21.77217139552368
4,10,0,3.266877062512628,0.7316259506705517,13014,0,35.99362427695952,22.60082735646639
5,11,0,3.2173891399459538,0.6093811198747184,17209,0,29.02488217121671,25.912790133505904
6,12,0,4.449702226089678,0.9639641280237018,3185,0,122.93705787133759,94.45116544799357
7,6,1,2.95472703417953,0.6878349703549423,1319,0,24.770524291464472,16.576288764659083
8,7,1,2.9107665486299963,0.6462173437072236,8013,0,22.839840427601704,16.41017160844319
9,8,1,3.2162090593101693,0.8065717982454946,2559,0,33.61471075080121,22.395118425561513
10,9,1,3.338996481151391,0.9277680715554375,7374,0,41.78907139838551,26.32597344932149
11,10,1,3.3179137656320643,0.7942482238482605,9582,0,39.38790945018704,22.024536645642932
12,11,1,3.1715841111466023,0.6356864223066138,12390,0,27.99789426969284,24.978942601709154
13,12,1,4.218039872788211,1.1227092875012261,2295,0,106.85836733489924,58.17974546699586
14,6,2,2.9470328515835447,0.7172365341590464,1101,0,24.72535635073943,16.66119908381456
15,7,2,2.9195335212881752,0.635847926958363,5777,0,22.89828658120339,16.313580111270536
16,8,2,3.299050816905132,0.8421146333711776,1819,0,36.45680172962716,32.454277320653894
17,9,2,3.2282271800322655,0.9399777916729718,6305,0,38.13882553956281,21.120389595989593
18,10,2,3.3294197138341413,0.8075361009624344,8694,0,40.46808471417232,22.525094296680273
19,11,2,3.1795029636333503,0.6453576352228493,13101,0,28.284884599998897,25.28821752662561
20,12,2,4.330462147755682,1.0789431750017973,2634,0,115.83427379269077,77.3525728455628
21,6,3,3.015989707801265,0.6653098777444028,986,0,25.766406627358013,18.175853545979518
22,7,3,2.885556650051222,0.6197851296199165,5378,0,21.902910944914876,16.067165710852898
23,8,3,3.3202084398329093,0.7973032854998678,1897,0,36.54230943556996,32.375776701397974
24,9,3,3.1952238747752295,0.9393767663708771,6027,0,37.20676688643561,20.317501365844553
25,10,3,3.3353839948974837,0.7298418894870039,8197,0,37.89224429312602,24.374664994074845
26,11,3,3.1291674296217917,0.6692724102548084,12461,0,27.07867987516697,24.251356278519424
27,12,3,4.305027348701383,1.0988101447685692,2620,0,113.19782203385613,79.07449433420669
28,6,4,3.012454104179192,0.6504371849923521,1002,0,25.26952474184095,18.9072706670924
29,7,4,2.916141879282526,0.6207038062965119,4714,0,22.6304576704201,16.47530494339464
30,8,4,3.22313298525907,0.8209160523338302,1565,0,33.85256123274295,26.438220338442424
31,9,4,3.165380255601245,0.8985204133643907,5858,0,35.20232278605319,20.04708468732136
32,10,4,3.3121915881113306,0.7445535868643726,9947,0,38.09571487105616,23.787768541255222
33,11,4,3.1528350909534506,0.7059984947777574,15820,0,28.114674728524474,25.029986381457775
34,12,4,4.295831891164803,1.0749330758260578,3045,0,111.2014661420977,80.17300335113693
35,6,5,2.985310802477732,0.6659817191878948,991,0,25.221075068398278,16.496780308288578
36,7,5,2.900809543199353,0.6169919243482017,5331,0,22.230259691488666,16.083240260974442
37,8,5,3.3213080514921662,0.7962700408319076,2011,0,36.34453859233172,32.59277695141518
38,9,5,3.2332634270844185,0.9021768546725604,6008,0,37.61227597145897,20.66647183573967
39,10,5,3.28762874641259,0.696541613273735,9711,0,35.682202280035206,23.804026645904337
40,11,5,3.230649497491419,0.6085435440813277,18557,0,29.285460987447394,26.593122822020245
41,12,5,4.3568634077690005,1.0281545714267333,3182,0,116.9981114132186,80.74925188225541
42,6,6,3.034718296553549,0.6188809987770028,1022,0,25.201065709588395,20.24015309451872
43,7,6,2.8885439410940608,0.5962997170637744,5843,0,21.871098365196044,15.936853370138905
44,8,6,3.244894950483014,0.8039362268786717,1930,0,34.27188704307185,26.291596099446494
45,9,6,3.2107039937023156,0.8612139328408555,7246,0,35.98441862127149,20.123499194104276
46,10,6,3.2517417430945406,0.6763923993692588,11151,0,34.00097704945266,23.602715778195016
47,11,6,3.315962960206312,0.5820810467591601,19253,0,31.669992503530022,28.73352542124264
48,12,6,4.4523768045103855,1.0099764651854255,3692,0,125.58546621995869,95.02610590867565
49,6,7,2.9831758117240437,0.6236844286083995,1258,0,24.11427721962803,17.28234127534994
50,7,7,2.9067953905599384,0.5923762793270635,6171,0,22.166101623597836,16.070623571436126
51,8,7,3.226694174529816,0.7849484155038814,1804,0,33.359321779546725,24.676975834135675
52,9,7,3.258865046623337,0.8372694316099484,6218,0,37.10452951202495,20.910558021727994
53,10,7,3.37922747624488,0.7122294789897422,10580,0,39.40934298826508,26.17511286935827
54,11,7,3.3766714157717748,0.6047341118482589,22075,0,33.78799015915301,30.357757740825367
55,12,7,4.446238049283561,0.9432997199182139,3252,0,122.24648799141713,82.85739800941228
56,6,8,2.989833935194647,0.6471161220671731,1276,0,24.51045813958769,18.0679022424113
57,7,8,2.969721629406333,0.6082666322794195,7280,0,23.80919807203528,17.24055410346069
58,8,8,3.2829089202549397,0.7890839311096064,2174,0,35.326436170955205,28.300066841149636
59,9,8,3.3202609633074216,0.8160143285701503,7335,0,38.758129295460634,23.305554462298904
60,10,8,3.4225592808603125,0.7082758165527795,11996,0,40.45560572140065,27.783985161873076
61,11,8,3.4269423785282704,0.5488145467759202,18044,0,34.869463990428194,31.559954582630404
62,12,8,4.541612788828909,0.8839406720311571,2611,0,131.3160308058491,100.74795115700215
63,6,9,3.0878303627781105,0.653470339629778,1104,0,27.18868545096534,20.343390778479275
64,7,9,3.0010678401714515,0.6099049970997186,6062,0,24.48547605843347,17.995627501435017
65,8,9,3.4575730324215592,0.7543538012440331,1984,0,40.47878891683974,36.00800085613096
66,9,9,3.4581960401578056,0.8101963561403871,6421,0,43.65497914662203,28.27381940710545
67,10,9,3.5362556543271544,0.7374895052040749,10158,0,46.27278676001515,31.31011592341804
68,11,9,3.524571607376161,0.5161464394044725,18322,0,37.903949001697136,34.52154437467878
69,12,9,4.616386383973112,0.8326158174920175,3579,0,136.01732350800594,106.29171978373635
